{"stats":{"minecraft:used":{"minecraft:crafting_table":1},"minecraft:dropped":{"minecraft:crafting_table":1},"minecraft:crafted":{"minecraft:crafting_table":3,"minecraft:oak_planks":28,"minecraft:stick":4},"minecraft:custom":{"minecraft:jump":48,"minecraft:time_since_rest":7044,"minecraft:sprint_one_cm":15812,"minecraft:play_time":7044,"minecraft:time_since_death":7044,"minecraft:walk_one_cm":12576,"minecraft:total_world_time":7044,"minecraft:fall_one_cm":627,"minecraft:interact_with_crafting_table":1,"minecraft:drop":1,"minecraft:fly_one_cm":7985},"minecraft:picked_up":{"minecraft:stripped_oak_log":3,"minecraft:crafting_table":1,"minecraft:oak_log":4},"minecraft:mined":{"minecraft:grass":3,"minecraft:oak_log":4,"minecraft:stripped_oak_log":3}},"DataVersion":2975}