{"stats":{"minecraft:used":{"minecraft:wooden_axe":16,"minecraft:apple":3,"minecraft:iron_axe":1,"minecraft:stone_pickaxe":40,"minecraft:iron_pickaxe":15,"minecraft:wooden_pickaxe":5,"minecraft:iron_chestplate":1,"minecraft:crafting_table":2,"minecraft:furnace":1,"minecraft:andesite":2,"minecraft:egg":1},"minecraft:dropped":{"minecraft:dirt":55,"minecraft:hay_block":78,"minecraft:crafting_table":1},"minecraft:crafted":{"minecraft:oak_planks":44,"minecraft:iron_chestplate":1,"minecraft:shield":1,"minecraft:iron_axe":1,"minecraft:crafting_table":3,"minecraft:stick":8,"minecraft:iron_ingot":18,"minecraft:wooden_pickaxe":1,"minecraft:iron_pickaxe":1,"minecraft:stone_pickaxe":1,"minecraft:wooden_axe":1,"minecraft:iron_sword":1,"minecraft:furnace":1,"minecraft:torch":12,"minecraft:air":0},"minecraft:custom":{"minecraft:time_since_rest":3878,"minecraft:interact_with_furnace":18,"minecraft:sprint_one_cm":72322,"minecraft:damage_taken":1538,"minecraft:walk_one_cm":51459,"minecraft:drop":11,"minecraft:damage_dealt":19,"minecraft:interact_with_crafting_table":20,"minecraft:fly_one_cm":95545,"minecraft:crouch_one_cm":10528,"minecraft:play_time":31044,"minecraft:deaths":5,"minecraft:sneak_time":3220,"minecraft:walk_under_water_one_cm":1522,"minecraft:jump":402,"minecraft:time_since_death":3854,"minecraft:walk_on_water_one_cm":330,"minecraft:total_world_time":31044,"minecraft:fall_one_cm":30184},"minecraft:killed_by":{"minecraft:skeleton":2,"minecraft:zombie":1},"minecraft:picked_up":{"minecraft:wooden_axe":2,"minecraft:stripped_oak_log":3,"minecraft:raw_iron":36,"minecraft:stick":17,"minecraft:crafting_table":6,"minecraft:andesite":18,"minecraft:oak_log":43,"minecraft:diorite":4,"minecraft:dirt":55,"minecraft:apple":3,"minecraft:hay_block":78,"minecraft:stone_pickaxe":2,"minecraft:oak_sapling":12,"minecraft:oak_planks":16,"minecraft:coal":21,"minecraft:furnace":1,"minecraft:cobblestone":27,"minecraft:egg":1},"minecraft:mined":{"minecraft:hay_block":78,"minecraft:furnace":1,"minecraft:iron_ore":18,"minecraft:andesite":16,"minecraft:crafting_table":1,"minecraft:grass":4,"minecraft:grass_block":7,"minecraft:oak_log":18,"minecraft:coal_ore":6,"minecraft:dirt_path":18,"minecraft:dirt":21,"minecraft:stripped_oak_log":3,"minecraft:cobblestone":5,"minecraft:stone":9,"minecraft:diorite":5}},"DataVersion":2975}