{"stats":{"minecraft:used":{"minecraft:wooden_axe":16,"minecraft:apple":3,"minecraft:stone_pickaxe":40,"minecraft:wooden_pickaxe":5,"minecraft:crafting_table":2,"minecraft:furnace":1,"minecraft:andesite":2,"minecraft:egg":1},"minecraft:dropped":{"minecraft:hay_block":78,"minecraft:crafting_table":1},"minecraft:crafted":{"minecraft:oak_planks":28,"minecraft:crafting_table":3,"minecraft:stick":4,"minecraft:wooden_pickaxe":1,"minecraft:stone_pickaxe":1,"minecraft:wooden_axe":1,"minecraft:furnace":1},"minecraft:custom":{"minecraft:time_since_rest":1536,"minecraft:interact_with_furnace":1,"minecraft:sprint_one_cm":55242,"minecraft:damage_taken":815,"minecraft:walk_one_cm":36072,"minecraft:drop":5,"minecraft:damage_dealt":9,"minecraft:interact_with_crafting_table":5,"minecraft:fly_one_cm":80322,"minecraft:crouch_one_cm":7154,"minecraft:play_time":19044,"minecraft:deaths":2,"minecraft:sneak_time":2277,"minecraft:walk_under_water_one_cm":1522,"minecraft:jump":338,"minecraft:time_since_death":1511,"minecraft:walk_on_water_one_cm":330,"minecraft:total_world_time":19044,"minecraft:fall_one_cm":18790},"minecraft:killed_by":{"minecraft:zombie":1},"minecraft:picked_up":{"minecraft:wooden_axe":2,"minecraft:stripped_oak_log":3,"minecraft:raw_iron":36,"minecraft:stick":17,"minecraft:crafting_table":5,"minecraft:andesite":10,"minecraft:oak_log":43,"minecraft:diorite":2,"minecraft:apple":3,"minecraft:hay_block":78,"minecraft:stone_pickaxe":2,"minecraft:oak_sapling":12,"minecraft:oak_planks":16,"minecraft:coal":18,"minecraft:cobblestone":27,"minecraft:egg":1},"minecraft:mined":{"minecraft:hay_block":78,"minecraft:iron_ore":18,"minecraft:andesite":6,"minecraft:grass":4,"minecraft:oak_log":18,"minecraft:coal_ore":6,"minecraft:stripped_oak_log":3,"minecraft:cobblestone":5,"minecraft:stone":8,"minecraft:diorite":2}},"DataVersion":2975}