{"stats":{"minecraft:used":{"minecraft:wooden_axe":16,"minecraft:apple":3,"minecraft:iron_axe":1,"minecraft:stone_pickaxe":40,"minecraft:oak_planks":1,"minecraft:iron_pickaxe":15,"minecraft:wooden_pickaxe":5,"minecraft:iron_chestplate":1,"minecraft:crafting_table":2,"minecraft:furnace":1,"minecraft:andesite":2,"minecraft:egg":1},"minecraft:dropped":{"minecraft:dirt":57,"minecraft:hay_block":78,"minecraft:crafting_table":1},"minecraft:crafted":{"minecraft:oak_planks":44,"minecraft:iron_chestplate":1,"minecraft:shield":1,"minecraft:iron_axe":1,"minecraft:crafting_table":3,"minecraft:stick":8,"minecraft:iron_ingot":18,"minecraft:wooden_pickaxe":1,"minecraft:iron_pickaxe":1,"minecraft:stone_pickaxe":1,"minecraft:wooden_axe":1,"minecraft:iron_sword":1,"minecraft:furnace":1,"minecraft:torch":12,"minecraft:air":0},"minecraft:custom":{"minecraft:time_since_rest":2791,"minecraft:interact_with_furnace":18,"minecraft:sprint_one_cm":90539,"minecraft:damage_taken":1668,"minecraft:walk_one_cm":56283,"minecraft:drop":12,"minecraft:damage_dealt":19,"minecraft:interact_with_crafting_table":20,"minecraft:fly_one_cm":110071,"minecraft:crouch_one_cm":11317,"minecraft:play_time":34562,"minecraft:deaths":6,"minecraft:sneak_time":3526,"minecraft:walk_under_water_one_cm":1522,"minecraft:jump":454,"minecraft:leave_game":1,"minecraft:time_since_death":2762,"minecraft:walk_on_water_one_cm":330,"minecraft:total_world_time":34562,"minecraft:fall_one_cm":31138},"minecraft:killed_by":{"minecraft:skeleton":3,"minecraft:zombie":1},"minecraft:picked_up":{"minecraft:wooden_axe":2,"minecraft:stripped_oak_log":3,"minecraft:raw_iron":36,"minecraft:stick":17,"minecraft:crafting_table":6,"minecraft:andesite":18,"minecraft:oak_log":43,"minecraft:diorite":4,"minecraft:dirt":57,"minecraft:apple":3,"minecraft:wheat_seeds":2,"minecraft:hay_block":78,"minecraft:stone_pickaxe":2,"minecraft:oak_sapling":12,"minecraft:oak_planks":17,"minecraft:coal":21,"minecraft:rail":1,"minecraft:furnace":1,"minecraft:cobblestone":27,"minecraft:egg":1},"minecraft:mined":{"minecraft:hay_block":78,"minecraft:furnace":1,"minecraft:iron_ore":18,"minecraft:andesite":16,"minecraft:crafting_table":1,"minecraft:grass":20,"minecraft:grass_block":7,"minecraft:oak_log":18,"minecraft:coal_ore":6,"minecraft:dirt_path":18,"minecraft:dirt":21,"minecraft:stripped_oak_log":3,"minecraft:cobblestone":5,"minecraft:stone":9,"minecraft:oak_planks":1,"minecraft:diorite":5}},"DataVersion":2975}