{"stats":{"minecraft:custom":{"minecraft:jump":161,"minecraft:time_since_rest":14144,"minecraft:damage_taken":75,"minecraft:damage_dealt":438,"minecraft:leave_game":3,"minecraft:sprint_one_cm":8919,"minecraft:play_time":14144,"minecraft:time_since_death":14144,"minecraft:walk_on_water_one_cm":1302,"minecraft:walk_one_cm":7548,"minecraft:sneak_time":510,"minecraft:total_world_time":14144,"minecraft:climb_one_cm":614,"minecraft:walk_under_water_one_cm":376,"minecraft:swim_one_cm":1192,"minecraft:fall_one_cm":3498,"minecraft:fly_one_cm":103550},"minecraft:picked_up":{"minecraft:jungle_log":1,"minecraft:rotten_flesh":4},"minecraft:mined":{"minecraft:grass":2,"minecraft:grass_block":1,"minecraft:vine":1,"minecraft:jungle_log":1}},"DataVersion":2975}