{"stats":{"minecraft:custom":{"minecraft:jump":53,"minecraft:time_since_rest":11159,"minecraft:damage_dealt":10,"minecraft:leave_game":1,"minecraft:sprint_one_cm":1490,"minecraft:play_time":11159,"minecraft:damage_taken":20,"minecraft:time_since_death":11159,"minecraft:walk_one_cm":4821,"minecraft:sneak_time":240,"minecraft:total_world_time":11159,"minecraft:fall_one_cm":693,"minecraft:fly_one_cm":103513},"minecraft:picked_up":{"minecraft:oak_log":6,"minecraft:wheat_seeds":1},"minecraft:mined":{"minecraft:grass":1,"minecraft:oak_log":6}},"DataVersion":2975}