{"stats":{"minecraft:picked_up":{"minecraft:rotten_flesh":4,"minecraft:jungle_log":1},"minecraft:mined":{"minecraft:grass":2,"minecraft:grass_block":1,"minecraft:vine":1,"minecraft:jungle_log":1},"minecraft:custom":{"minecraft:jump":157,"minecraft:time_since_rest":13330,"minecraft:damage_dealt":438,"minecraft:damage_taken":75,"minecraft:leave_game":3,"minecraft:time_since_death":13330,"minecraft:play_time":13330,"minecraft:sprint_one_cm":8131,"minecraft:walk_under_water_one_cm":376,"minecraft:walk_on_water_one_cm":1302,"minecraft:walk_one_cm":7090,"minecraft:total_world_time":13330,"minecraft:sneak_time":510,"minecraft:climb_one_cm":614,"minecraft:swim_one_cm":1192,"minecraft:fall_one_cm":3498,"minecraft:fly_one_cm":102897}},"DataVersion":2975}