{"stats":{"minecraft:broken":{"minecraft:iron_shovel":1,"minecraft:iron_axe":1,"minecraft:wooden_axe":1},"minecraft:mined":{"minecraft:oak_slab":4,"minecraft:white_bed":5,"minecraft:mossy_cobblestone":5,"minecraft:cobblestone_stairs":1,"minecraft:brewing_stand":1,"minecraft:oak_fence":12,"minecraft:crafting_table":4,"minecraft:torch":1,"minecraft:grass_block":215,"minecraft:chest":2,"minecraft:cobblestone":26,"minecraft:oak_planks":109,"minecraft:composter":6,"minecraft:cartography_table":1,"minecraft:hay_block":11,"minecraft:smooth_stone":1,"minecraft:oak_trapdoor":2,"minecraft:carrots":40,"minecraft:cobblestone_wall":2,"minecraft:stripped_oak_wood":3,"minecraft:fletching_table":1,"minecraft:yellow_bed":8,"minecraft:bell":1,"minecraft:grass":20,"minecraft:potatoes":1,"minecraft:oak_log":42,"minecraft:water_cauldron":4,"minecraft:dirt_path":84,"minecraft:oak_stairs":15,"minecraft:dirt":158,"minecraft:stonecutter":1},"minecraft:killed":{"minecraft:iron_golem":6,"minecraft:wandering_trader":1,"minecraft:villager":2},"minecraft:custom":{"minecraft:mob_kills":9,"minecraft:interact_with_crafting_table":20,"minecraft:bell_ring":9,"minecraft:leave_game":3,"minecraft:time_since_death":77224,"minecraft:sleep_in_bed":1,"minecraft:time_since_rest":31295,"minecraft:sprint_one_cm":125219,"minecraft:damage_taken":418,"minecraft:walk_one_cm":185326,"minecraft:drop":1,"minecraft:damage_dealt":6475,"minecraft:talked_to_villager":1,"minecraft:swim_one_cm":282,"minecraft:fly_one_cm":208734,"minecraft:open_chest":9,"minecraft:crouch_one_cm":7684,"minecraft:play_time":77224,"minecraft:sneak_time":3633,"minecraft:walk_under_water_one_cm":192,"minecraft:boat_one_cm":2392,"minecraft:jump":675,"minecraft:walk_on_water_one_cm":1323,"minecraft:total_world_time":77224,"minecraft:fall_one_cm":15677},"minecraft:crafted":{"minecraft:oak_slab":6,"minecraft:oak_planks":172,"minecraft:crafting_table":1,"minecraft:wooden_pickaxe":1,"minecraft:bucket":1,"minecraft:bread":128,"minecraft:oak_trapdoor":6,"minecraft:oak_boat":1,"minecraft:iron_axe":2,"minecraft:iron_hoe":1,"minecraft:stick":16,"minecraft:iron_pickaxe":1,"minecraft:wooden_axe":1,"minecraft:iron_shovel":2,"minecraft:composter":1,"minecraft:wheat":576},"minecraft:picked_up":{"minecraft:crafting_table":4,"minecraft:leather_chestplate":1,"minecraft:lead":1,"minecraft:oak_stairs":11,"minecraft:potato":4,"minecraft:oak_log":40,"minecraft:brewing_stand":1,"minecraft:yellow_bed":8,"minecraft:cobblestone_wall":2,"minecraft:cobblestone_stairs":1,"minecraft:dirt":500,"minecraft:oak_trapdoor":2,"minecraft:stonecutter":1,"minecraft:wheat_seeds":5,"minecraft:smooth_stone":1,"minecraft:bell":1,"minecraft:iron_ingot":24,"minecraft:oak_boat":3,"minecraft:stripped_oak_wood":3,"minecraft:fletching_table":1,"minecraft:poppy":4,"minecraft:chest":1,"minecraft:oak_planks":104,"minecraft:stick":5,"minecraft:oak_slab":3,"minecraft:oak_door":1,"minecraft:composter":6,"minecraft:oak_fence":11,"minecraft:torch":14,"minecraft:carrot":142,"minecraft:white_bed":5,"minecraft:cauldron":4,"minecraft:mossy_cobblestone":5,"minecraft:hay_block":82,"minecraft:bread":4,"minecraft:oak_sapling":2,"minecraft:cobblestone":25},"minecraft:used":{"minecraft:oak_trapdoor":5,"minecraft:water_bucket":1,"minecraft:iron_shovel":435,"minecraft:oak_planks":227,"minecraft:chest":1,"minecraft:composter":5,"minecraft:bell":1,"minecraft:dirt":93,"minecraft:crafting_table":5,"minecraft:carrot":116,"minecraft:white_bed":2,"minecraft:iron_hoe":81,"minecraft:wooden_axe":53,"minecraft:iron_axe":293,"minecraft:bread":13,"minecraft:iron_pickaxe":47,"minecraft:bucket":1,"minecraft:oak_boat":3,"minecraft:yellow_bed":8},"minecraft:dropped":{"minecraft:lead":1}},"DataVersion":2975}