{"stats":{"minecraft:custom":{"minecraft:time_since_rest":41783,"minecraft:sprint_one_cm":24670,"minecraft:damage_taken":188,"minecraft:walk_one_cm":60863,"minecraft:mob_kills":3,"minecraft:damage_dealt":3008,"minecraft:swim_one_cm":282,"minecraft:interact_with_crafting_table":10,"minecraft:fly_one_cm":152418,"minecraft:crouch_one_cm":4325,"minecraft:play_time":41783,"minecraft:sneak_time":2337,"minecraft:walk_under_water_one_cm":192,"minecraft:jump":285,"minecraft:leave_game":2,"minecraft:time_since_death":41783,"minecraft:walk_on_water_one_cm":1171,"minecraft:total_world_time":41783,"minecraft:fall_one_cm":5895},"minecraft:killed":{"minecraft:iron_golem":3},"minecraft:used":{"minecraft:wooden_axe":53,"minecraft:iron_shovel":250,"minecraft:iron_axe":65,"minecraft:bread":2,"minecraft:oak_planks":55,"minecraft:dirt":89,"minecraft:crafting_table":4},"minecraft:picked_up":{"minecraft:stick":4,"minecraft:crafting_table":3,"minecraft:oak_fence":9,"minecraft:torch":12,"minecraft:oak_log":24,"minecraft:dirt":316,"minecraft:wheat_seeds":3,"minecraft:hay_block":82,"minecraft:iron_ingot":13,"minecraft:stripped_oak_wood":3,"minecraft:oak_sapling":2,"minecraft:oak_planks":15},"minecraft:mined":{"minecraft:hay_block":11,"minecraft:stripped_oak_wood":3,"minecraft:oak_fence":9,"minecraft:crafting_table":3,"minecraft:grass":13,"minecraft:grass_block":119,"minecraft:oak_log":26,"minecraft:dirt_path":62,"minecraft:dirt":91,"minecraft:oak_planks":15},"minecraft:broken":{"minecraft:wooden_axe":1,"minecraft:iron_shovel":1},"minecraft:crafted":{"minecraft:oak_planks":96,"minecraft:iron_axe":1,"minecraft:crafting_table":1,"minecraft:iron_hoe":1,"minecraft:stick":8,"minecraft:iron_pickaxe":1,"minecraft:wooden_pickaxe":1,"minecraft:wooden_axe":1,"minecraft:iron_shovel":1,"minecraft:bread":128,"minecraft:wheat":576}},"DataVersion":2975}