{"stats":{"minecraft:killed":{"minecraft:iron_golem":2},"minecraft:used":{"minecraft:wooden_axe":53,"minecraft:iron_shovel":250,"minecraft:iron_axe":49,"minecraft:bread":2,"minecraft:oak_planks":52,"minecraft:dirt":89,"minecraft:crafting_table":3},"minecraft:broken":{"minecraft:wooden_axe":1,"minecraft:iron_shovel":1},"minecraft:crafted":{"minecraft:oak_planks":96,"minecraft:iron_axe":1,"minecraft:crafting_table":1,"minecraft:stick":8,"minecraft:wooden_pickaxe":1,"minecraft:iron_pickaxe":1,"minecraft:wooden_axe":1,"minecraft:iron_shovel":1,"minecraft:bread":128,"minecraft:wheat":576},"minecraft:custom":{"minecraft:time_since_rest":35159,"minecraft:sprint_one_cm":16727,"minecraft:damage_taken":188,"minecraft:walk_one_cm":54014,"minecraft:mob_kills":2,"minecraft:damage_dealt":2010,"minecraft:swim_one_cm":282,"minecraft:interact_with_crafting_table":8,"minecraft:fly_one_cm":144336,"minecraft:crouch_one_cm":4325,"minecraft:play_time":35159,"minecraft:sneak_time":2074,"minecraft:walk_under_water_one_cm":192,"minecraft:jump":239,"minecraft:leave_game":1,"minecraft:time_since_death":35159,"minecraft:walk_on_water_one_cm":1171,"minecraft:total_world_time":35159,"minecraft:fall_one_cm":4999},"minecraft:picked_up":{"minecraft:stick":4,"minecraft:crafting_table":3,"minecraft:oak_fence":9,"minecraft:torch":12,"minecraft:oak_log":24,"minecraft:dirt":314,"minecraft:wheat_seeds":3,"minecraft:hay_block":82,"minecraft:iron_ingot":9,"minecraft:stripped_oak_wood":3,"minecraft:oak_sapling":2,"minecraft:oak_planks":12},"minecraft:mined":{"minecraft:hay_block":11,"minecraft:stripped_oak_wood":3,"minecraft:oak_fence":9,"minecraft:crafting_table":3,"minecraft:grass":12,"minecraft:grass_block":119,"minecraft:oak_log":26,"minecraft:dirt_path":62,"minecraft:dirt":91,"minecraft:oak_planks":12}},"DataVersion":2975}