{"stats":{"minecraft:custom":{"minecraft:mob_kills":7,"minecraft:interact_with_crafting_table":16,"minecraft:bell_ring":7,"minecraft:leave_game":2,"minecraft:time_since_death":65783,"minecraft:sleep_in_bed":1,"minecraft:time_since_rest":19854,"minecraft:sprint_one_cm":101222,"minecraft:damage_taken":378,"minecraft:walk_one_cm":161461,"minecraft:drop":1,"minecraft:damage_dealt":5266,"minecraft:swim_one_cm":282,"minecraft:fly_one_cm":192233,"minecraft:open_chest":4,"minecraft:crouch_one_cm":6562,"minecraft:play_time":65783,"minecraft:sneak_time":3120,"minecraft:walk_under_water_one_cm":192,"minecraft:jump":557,"minecraft:walk_on_water_one_cm":1323,"minecraft:total_world_time":65783,"minecraft:fall_one_cm":13413},"minecraft:killed":{"minecraft:iron_golem":5,"minecraft:wandering_trader":1,"minecraft:villager":1},"minecraft:dropped":{"minecraft:lead":1},"minecraft:used":{"minecraft:oak_trapdoor":5,"minecraft:water_bucket":1,"minecraft:iron_shovel":431,"minecraft:oak_planks":191,"minecraft:chest":1,"minecraft:composter":5,"minecraft:bell":1,"minecraft:dirt":90,"minecraft:crafting_table":5,"minecraft:carrot":116,"minecraft:white_bed":2,"minecraft:iron_hoe":81,"minecraft:wooden_axe":53,"minecraft:iron_axe":244,"minecraft:bread":10,"minecraft:iron_pickaxe":46,"minecraft:bucket":1,"minecraft:yellow_bed":7},"minecraft:mined":{"minecraft:oak_slab":4,"minecraft:white_bed":5,"minecraft:mossy_cobblestone":5,"minecraft:cobblestone_stairs":1,"minecraft:oak_fence":12,"minecraft:crafting_table":4,"minecraft:torch":1,"minecraft:grass_block":213,"minecraft:chest":1,"minecraft:cobblestone":26,"minecraft:composter":6,"minecraft:oak_planks":90,"minecraft:hay_block":11,"minecraft:smooth_stone":1,"minecraft:oak_trapdoor":2,"minecraft:carrots":40,"minecraft:cobblestone_wall":2,"minecraft:stripped_oak_wood":3,"minecraft:yellow_bed":7,"minecraft:bell":1,"minecraft:grass":17,"minecraft:potatoes":1,"minecraft:oak_log":42,"minecraft:water_cauldron":4,"minecraft:dirt_path":84,"minecraft:oak_stairs":5,"minecraft:dirt":156,"minecraft:stonecutter":1},"minecraft:picked_up":{"minecraft:crafting_table":4,"minecraft:leather_chestplate":1,"minecraft:lead":1,"minecraft:potato":4,"minecraft:oak_stairs":5,"minecraft:oak_log":40,"minecraft:yellow_bed":7,"minecraft:cobblestone_wall":2,"minecraft:cobblestone_stairs":1,"minecraft:oak_trapdoor":2,"minecraft:dirt":497,"minecraft:stonecutter":1,"minecraft:wheat_seeds":4,"minecraft:smooth_stone":1,"minecraft:bell":1,"minecraft:iron_ingot":20,"minecraft:stripped_oak_wood":3,"minecraft:poppy":2,"minecraft:chest":1,"minecraft:oak_planks":89,"minecraft:stick":4,"minecraft:oak_slab":3,"minecraft:oak_door":1,"minecraft:composter":5,"minecraft:oak_fence":11,"minecraft:torch":14,"minecraft:white_bed":5,"minecraft:carrot":137,"minecraft:cauldron":4,"minecraft:mossy_cobblestone":5,"minecraft:hay_block":82,"minecraft:bread":4,"minecraft:oak_sapling":2,"minecraft:cobblestone":25},"minecraft:broken":{"minecraft:iron_shovel":1,"minecraft:iron_axe":1,"minecraft:wooden_axe":1},"minecraft:crafted":{"minecraft:oak_slab":6,"minecraft:oak_planks":160,"minecraft:crafting_table":1,"minecraft:wooden_pickaxe":1,"minecraft:bucket":1,"minecraft:bread":128,"minecraft:oak_trapdoor":6,"minecraft:iron_axe":1,"minecraft:stick":12,"minecraft:iron_hoe":1,"minecraft:iron_pickaxe":1,"minecraft:wooden_axe":1,"minecraft:iron_shovel":2,"minecraft:composter":1,"minecraft:wheat":576}},"DataVersion":2975}