{"stats":{"minecraft:killed":{"minecraft:iron_golem":2},"minecraft:used":{"minecraft:wooden_axe":53,"minecraft:iron_axe":28,"minecraft:bread":2,"minecraft:oak_planks":12,"minecraft:crafting_table":3},"minecraft:broken":{"minecraft:wooden_axe":1},"minecraft:crafted":{"minecraft:oak_planks":24,"minecraft:iron_axe":1,"minecraft:crafting_table":1,"minecraft:stick":8,"minecraft:wooden_pickaxe":1,"minecraft:iron_pickaxe":1,"minecraft:wooden_axe":1,"minecraft:iron_shovel":1,"minecraft:bread":128,"minecraft:wheat":576},"minecraft:custom":{"minecraft:time_since_rest":23159,"minecraft:sprint_one_cm":12972,"minecraft:damage_taken":178,"minecraft:walk_one_cm":17457,"minecraft:mob_kills":2,"minecraft:damage_dealt":2010,"minecraft:swim_one_cm":282,"minecraft:interact_with_crafting_table":8,"minecraft:fly_one_cm":140906,"minecraft:crouch_one_cm":1113,"minecraft:play_time":23159,"minecraft:sneak_time":1258,"minecraft:walk_under_water_one_cm":192,"minecraft:jump":197,"minecraft:leave_game":1,"minecraft:time_since_death":23159,"minecraft:walk_on_water_one_cm":1171,"minecraft:total_world_time":23159,"minecraft:fall_one_cm":4664},"minecraft:picked_up":{"minecraft:stick":4,"minecraft:crafting_table":2,"minecraft:oak_log":24,"minecraft:wheat_seeds":2,"minecraft:hay_block":82,"minecraft:iron_ingot":9,"minecraft:oak_sapling":2,"minecraft:oak_planks":12},"minecraft:mined":{"minecraft:hay_block":11,"minecraft:crafting_table":2,"minecraft:grass":7,"minecraft:oak_log":26,"minecraft:dirt":1,"minecraft:oak_planks":12}},"DataVersion":2975}