{"stats":{"minecraft:custom":{"minecraft:mob_kills":5,"minecraft:interact_with_crafting_table":12,"minecraft:leave_game":2,"minecraft:time_since_death":53783,"minecraft:sleep_in_bed":1,"minecraft:time_since_rest":7854,"minecraft:sprint_one_cm":54186,"minecraft:damage_taken":188,"minecraft:walk_one_cm":114859,"minecraft:damage_dealt":4116,"minecraft:swim_one_cm":282,"minecraft:fly_one_cm":168083,"minecraft:open_chest":1,"minecraft:crouch_one_cm":4888,"minecraft:play_time":53783,"minecraft:sneak_time":2524,"minecraft:walk_under_water_one_cm":192,"minecraft:jump":394,"minecraft:walk_on_water_one_cm":1235,"minecraft:total_world_time":53783,"minecraft:fall_one_cm":8436},"minecraft:killed":{"minecraft:iron_golem":4,"minecraft:wandering_trader":1},"minecraft:used":{"minecraft:water_bucket":1,"minecraft:iron_shovel":430,"minecraft:oak_planks":72,"minecraft:chest":1,"minecraft:dirt":90,"minecraft:crafting_table":5,"minecraft:carrot":116,"minecraft:iron_hoe":81,"minecraft:wooden_axe":53,"minecraft:iron_axe":169,"minecraft:bread":5,"minecraft:iron_pickaxe":35,"minecraft:bucket":1},"minecraft:mined":{"minecraft:oak_slab":4,"minecraft:mossy_cobblestone":4,"minecraft:cobblestone_stairs":1,"minecraft:oak_fence":12,"minecraft:crafting_table":4,"minecraft:torch":1,"minecraft:grass_block":213,"minecraft:chest":1,"minecraft:cobblestone":22,"minecraft:oak_planks":31,"minecraft:hay_block":11,"minecraft:smooth_stone":1,"minecraft:carrots":38,"minecraft:cobblestone_wall":2,"minecraft:stripped_oak_wood":3,"minecraft:grass":17,"minecraft:oak_log":42,"minecraft:water_cauldron":4,"minecraft:dirt_path":84,"minecraft:oak_stairs":5,"minecraft:dirt":156},"minecraft:picked_up":{"minecraft:crafting_table":4,"minecraft:leather_chestplate":1,"minecraft:lead":1,"minecraft:oak_stairs":5,"minecraft:oak_log":40,"minecraft:cobblestone_wall":2,"minecraft:cobblestone_stairs":1,"minecraft:dirt":493,"minecraft:wheat_seeds":4,"minecraft:smooth_stone":1,"minecraft:iron_ingot":17,"minecraft:stripped_oak_wood":3,"minecraft:chest":1,"minecraft:oak_planks":31,"minecraft:stick":4,"minecraft:oak_slab":3,"minecraft:oak_door":1,"minecraft:oak_fence":11,"minecraft:torch":14,"minecraft:carrot":132,"minecraft:cauldron":4,"minecraft:mossy_cobblestone":4,"minecraft:hay_block":82,"minecraft:bread":4,"minecraft:oak_sapling":2,"minecraft:cobblestone":22},"minecraft:broken":{"minecraft:iron_shovel":1,"minecraft:wooden_axe":1},"minecraft:crafted":{"minecraft:oak_planks":160,"minecraft:crafting_table":1,"minecraft:wooden_pickaxe":1,"minecraft:bucket":1,"minecraft:bread":128,"minecraft:iron_axe":1,"minecraft:stick":12,"minecraft:iron_hoe":1,"minecraft:iron_pickaxe":1,"minecraft:wooden_axe":1,"minecraft:iron_shovel":2,"minecraft:wheat":576}},"DataVersion":2975}