{"stats":{"minecraft:broken":{"minecraft:iron_shovel":2,"minecraft:iron_axe":1,"minecraft:wooden_axe":1},"minecraft:mined":{"minecraft:oak_slab":4,"minecraft:white_bed":5,"minecraft:mossy_cobblestone":5,"minecraft:cobblestone_stairs":1,"minecraft:brewing_stand":1,"minecraft:oak_fence":12,"minecraft:crafting_table":4,"minecraft:torch":1,"minecraft:granite":16,"minecraft:grass_block":239,"minecraft:chest":2,"minecraft:copper_ore":2,"minecraft:cobblestone":26,"minecraft:oak_planks":133,"minecraft:composter":6,"minecraft:cartography_table":1,"minecraft:diorite":7,"minecraft:hay_block":14,"minecraft:smooth_stone":1,"minecraft:oak_trapdoor":2,"minecraft:carrots":40,"minecraft:cobblestone_wall":2,"minecraft:stripped_oak_wood":3,"minecraft:fletching_table":1,"minecraft:yellow_bed":8,"minecraft:bell":1,"minecraft:grass":27,"minecraft:coal_ore":4,"minecraft:potatoes":1,"minecraft:oak_log":87,"minecraft:water_cauldron":4,"minecraft:dirt_path":126,"minecraft:oak_stairs":15,"minecraft:dirt":161,"minecraft:stone":4,"minecraft:stonecutter":1},"minecraft:killed":{"minecraft:cave_spider":2,"minecraft:spider":1,"minecraft:iron_golem":7,"minecraft:wandering_trader":1,"minecraft:skeleton":1,"minecraft:drowned":1,"minecraft:villager":2},"minecraft:custom":{"minecraft:mob_kills":15,"minecraft:interact_with_crafting_table":25,"minecraft:bell_ring":9,"minecraft:leave_game":4,"minecraft:time_since_death":202,"minecraft:sleep_in_bed":1,"minecraft:time_since_rest":238,"minecraft:sprint_one_cm":156371,"minecraft:damage_taken":828,"minecraft:walk_one_cm":215113,"minecraft:damage_blocked_by_shield":170,"minecraft:drop":2,"minecraft:damage_dealt":8103,"minecraft:talked_to_villager":1,"minecraft:swim_one_cm":282,"minecraft:fly_one_cm":244686,"minecraft:open_chest":15,"minecraft:crouch_one_cm":8645,"minecraft:play_time":91031,"minecraft:deaths":1,"minecraft:sneak_time":4501,"minecraft:walk_under_water_one_cm":192,"minecraft:boat_one_cm":2392,"minecraft:jump":850,"minecraft:walk_on_water_one_cm":2183,"minecraft:total_world_time":91031,"minecraft:fall_one_cm":19054},"minecraft:crafted":{"minecraft:oak_slab":12,"minecraft:oak_planks":352,"minecraft:crafting_table":1,"minecraft:wooden_pickaxe":1,"minecraft:bucket":1,"minecraft:bread":128,"minecraft:oak_trapdoor":6,"minecraft:oak_boat":1,"minecraft:shield":1,"minecraft:iron_axe":3,"minecraft:iron_hoe":1,"minecraft:stick":16,"minecraft:iron_pickaxe":1,"minecraft:wooden_axe":1,"minecraft:chest":1,"minecraft:iron_shovel":2,"minecraft:composter":1,"minecraft:wheat":576},"minecraft:picked_up":{"minecraft:crafting_table":4,"minecraft:leather_chestplate":1,"minecraft:lead":1,"minecraft:oak_stairs":11,"minecraft:potato":4,"minecraft:oak_log":85,"minecraft:brewing_stand":1,"minecraft:yellow_bed":8,"minecraft:cobblestone_wall":2,"minecraft:cobblestone_stairs":1,"minecraft:dirt":564,"minecraft:oak_trapdoor":2,"minecraft:raw_copper":6,"minecraft:stonecutter":1,"minecraft:wheat_seeds":5,"minecraft:smooth_stone":1,"minecraft:bucket":1,"minecraft:bell":1,"minecraft:iron_ingot":27,"minecraft:oak_boat":3,"minecraft:stripped_oak_wood":3,"minecraft:fletching_table":1,"minecraft:poppy":5,"minecraft:chest":1,"minecraft:oak_planks":114,"minecraft:stick":5,"minecraft:oak_slab":3,"minecraft:oak_door":1,"minecraft:composter":6,"minecraft:oak_fence":11,"minecraft:torch":14,"minecraft:diorite":7,"minecraft:carrot":142,"minecraft:white_bed":6,"minecraft:cauldron":4,"minecraft:mossy_cobblestone":5,"minecraft:rotten_flesh":2,"minecraft:hay_block":85,"minecraft:granite":16,"minecraft:bread":4,"minecraft:oak_sapling":4,"minecraft:coal":4,"minecraft:cobblestone":29},"minecraft:used":{"minecraft:oak_trapdoor":5,"minecraft:water_bucket":4,"minecraft:iron_shovel":500,"minecraft:oak_planks":235,"minecraft:shield":5,"minecraft:chest":2,"minecraft:composter":5,"minecraft:bell":1,"minecraft:dirt":120,"minecraft:oak_slab":5,"minecraft:crafting_table":5,"minecraft:carrot":116,"minecraft:white_bed":2,"minecraft:iron_hoe":84,"minecraft:wooden_axe":53,"minecraft:iron_axe":395,"minecraft:bread":17,"minecraft:iron_pickaxe":82,"minecraft:cobblestone":3,"minecraft:hay_block":3,"minecraft:bucket":5,"minecraft:oak_boat":3,"minecraft:yellow_bed":8},"minecraft:killed_by":{"minecraft:cave_spider":1},"minecraft:dropped":{"minecraft:lead":1,"minecraft:white_bed":1}},"DataVersion":2975}