{
  "minecraft:recipes/transportation/acacia_boat": {
    "criteria": {
      "in_water": "2024-10-27 00:56:44 +0000"
    },
    "done": true
  },
  "minecraft:recipes/misc/charcoal": {
    "criteria": {
      "has_log": "2024-10-27 00:58:15 +0000"
    },
    "done": true
  },
  "minecraft:recipes/transportation/oak_boat": {
    "criteria": {
      "in_water": "2024-10-27 00:56:44 +0000"
    },
    "done": true
  },
  "minecraft:recipes/building_blocks/jungle_wood": {
    "criteria": {
      "has_log": "2024-10-27 00:58:15 +0000"
    },
    "done": true
  },
  "minecraft:recipes/transportation/dark_oak_boat": {
    "criteria": {
      "in_water": "2024-10-27 00:56:44 +0000"
    },
    "done": true
  },
  "minecraft:recipes/transportation/birch_boat": {
    "criteria": {
      "in_water": "2024-10-27 00:56:44 +0000"
    },
    "done": true
  },
  "minecraft:recipes/building_blocks/jungle_planks": {
    "criteria": {
      "has_logs": "2024-10-27 00:58:15 +0000"
    },
    "done": true
  },
  "minecraft:recipes/transportation/jungle_boat": {
    "criteria": {
      "in_water": "2024-10-27 00:56:44 +0000"
    },
    "done": true
  },
  "minecraft:recipes/transportation/spruce_boat": {
    "criteria": {
      "in_water": "2024-10-27 00:56:44 +0000"
    },
    "done": true
  },
  "minecraft:adventure/adventuring_time": {
    "criteria": {
      "minecraft:birch_forest": "2024-10-27 01:06:04 +0000",
      "minecraft:beach": "2024-10-27 00:56:27 +0000",
      "minecraft:sparse_jungle": "2024-10-27 00:57:56 +0000",
      "minecraft:river": "2024-10-27 00:58:04 +0000",
      "minecraft:lukewarm_ocean": "2024-10-27 01:08:57 +0000",
      "minecraft:forest": "2024-10-27 01:08:27 +0000",
      "minecraft:jungle": "2024-10-27 00:58:05 +0000",
      "minecraft:warm_ocean": "2024-10-27 01:09:20 +0000",
      "minecraft:deep_lukewarm_ocean": "2024-10-27 01:09:01 +0000",
      "minecraft:savanna": "2024-10-27 01:09:27 +0000",
      "minecraft:plains": "2024-10-27 00:55:37 +0000"
    },
    "done": false
  },
  "DataVersion": 2975
}