{
  "minecraft:recipes/misc/charcoal": {
    "criteria": {
      "has_log": "2024-10-29 02:20:59 +0000"
    },
    "done": true
  },
  "minecraft:recipes/building_blocks/oak_planks": {
    "criteria": {
      "has_logs": "2024-10-29 02:20:59 +0000"
    },
    "done": true
  },
  "minecraft:recipes/building_blocks/oak_wood": {
    "criteria": {
      "has_log": "2024-10-29 02:20:59 +0000"
    },
    "done": true
  },
  "minecraft:adventure/adventuring_time": {
    "criteria": {
      "minecraft:river": "2024-10-29 00:34:56 +0000",
      "minecraft:forest": "2024-10-29 00:33:37 +0000",
      "minecraft:ocean": "2024-10-29 00:34:38 +0000",
      "minecraft:plains": "2024-10-29 00:34:53 +0000"
    },
    "done": false
  },
  "DataVersion": 2975
}